chain,residue,resn,resc,resC,resCi,resi,x,y,z,area
A,ALA191,ALA,A,A,A191,191,-20.754,-17.608,-2.965,977.196
A,ARG188,ARG,R,R,R188,188,-20.367,-25.702,-2.569,505.174
A,ASN142,ASN,N,N,N142,142,-6.191,-28.639,1.748,884.349
A,ASP187,ASP,D,D,D187,187,-21.299,-28.878,0.395,413.204
A,CYS145,CYS,C,C,C145,145,-11.683,-32.278,5.819,1109.779
A,CYS44,CYS,C,C,C44,44,-17.279,-33.343,-5.03,26.412
A,GLN189,GLN,Q,Q,Q189,189,-16.389,-24.404,-4.452,2475.678
A,GLN192,GLN,Q,Q,Q192,192,-20.934,-19.178,0.784,930.052
A,GLU166,GLU,E,E,E166,166,-11.861,-21.834,4.453,1546.349
A,GLY143,GLY,G,G,G143,143,-7.176,-32.159,4.242,340.794
A,HIS163,HIS,H,H,H163,163,-12.891,-28.159,7.939,372.658
A,HIS164,HIS,H,H,H164,164,-15.9,-28.651,4.912,859.767
A,HIS172,HIS,H,H,H172,172,-10.593,-22.639,8.378,47.123
A,HIS41,HIS,H,H,H41,41,-15.981,-32.224,0.472,1434.811
A,HOH516,HOH,X,HOH,HOH516,516,-11.218,-26.468,-2.527,472.956
A,HOH560,HOH,X,HOH,HOH560,560,-19.202,-32.052,2.241,18.536
A,HOH595,HOH,X,HOH,HOH595,595,-19.722,-18.052,-6.862,64.814
A,HOH606,HOH,X,HOH,HOH606,606,-9.431,-32.688,1.333,143.672
A,HOH615,HOH,X,HOH,HOH615,615,-9.432,-30.204,-2.605,53.035
A,HOH623,HOH,X,HOH,HOH623,623,-6.347,-21.568,2.129,34.97
A,LEU141,LEU,L,L,L141,141,-6.056,-27.327,5.664,435.392
A,LEU167,LEU,L,L,L167,167,-15.569,-19.323,4.138,362.398
A,LEU27,LEU,L,L,L27,27,-12.069,-35.386,3.087,57.815
A,MET165,MET,M,M,M165,165,-16.092,-25.047,4.118,2063.969
A,MET49,MET,M,M,M49,49,-16.099,-28.914,-5.592,560.517
A,PHE140,PHE,F,F,F140,140,-8.235,-25.693,8.726,230.996
A,PRO168,PRO,P,P,P168,168,-13.893,-16.392,1.711,513.492
A,PRO52,PRO,P,P,P52,52,-21.207,-30.682,-5.387,5.188
A,SER144,SER,S,S,S144,144,-8.65,-30.828,7.163,479.543
A,THR190,THR,T,T,T190,190,-20.427,-20.945,-4.001,960.233
A,TYR54,TYR,Y,Y,Y54,54,-20.641,-31.786,-2.372,70.486
A,VAL186,VAL,V,V,V186,186,-21.907,-25.453,1.19,23.962
B,ALD401,ALD,X,ALD,ALD401,401,-15.4,-22.29,-0.66,475.066
B,ALD401,ALD,X,ALD,ALD401,401,-15.751,-22.778,-1.72,489.372
B,ALD401,ALD,X,ALD,ALD401,401,-16.189,-21.258,-0.064,452.922
B,ALD401,ALD,X,ALD,ALD401,401,-17.408,-20.785,-0.672,807.676
B,ALD401,ALD,X,ALD,ALD401,401,-17.052,-19.635,-1.584,687.19
B,ALD401,ALD,X,ALD,ALD401,401,-16.841,-19.85,-2.944,618.692
B,ALD401,ALD,X,ALD,ALD401,401,-16.526,-18.785,-3.774,448.755
B,ALD401,ALD,X,ALD,ALD401,401,-16.401,-17.499,-3.247,355.365
B,ALD401,ALD,X,ALD,ALD401,401,-16.606,-17.281,-1.876,485.176
B,ALD401,ALD,X,ALD,ALD401,401,-16.939,-18.351,-1.052,673.527
B,ALD401,ALD,X,ALD,ALD401,401,-14.299,-22.623,0,390.623
B,ALD401,ALD,X,ALD,ALD401,401,-13.467,-23.739,-0.441,397.257
B,ALD401,ALD,X,ALD,ALD401,401,-13.765,-24.967,0.368,503.247
B,ALD401,ALD,X,ALD,ALD401,401,-13.705,-24.934,1.641,579.97
B,ALD401,ALD,X,ALD,ALD401,401,-12.055,-23.325,-0.164,284.784
B,ALD401,ALD,X,ALD,ALD401,401,-11.182,-22.838,-1.308,145.566
B,ALD401,ALD,X,ALD,ALD401,401,-11.937,-21.96,-2.286,150.272
B,ALD401,ALD,X,ALD,ALD401,401,-9.96,-22.124,-0.721,94.355
B,ALD401,ALD,X,ALD,ALD401,401,-14.051,-26.065,-0.303,367.816
B,ALD401,ALD,X,ALD,ALD401,401,-14.075,-27.349,0.369,540.941
B,ALD401,ALD,X,ALD,ALD401,401,-12.707,-27.868,0.751,449.282
B,ALD401,ALD,X,ALD,ALD401,401,-11.885,-28.064,-0.123,317.5
B,ALD401,ALD,X,ALD,ALD401,401,-14.76,-28.375,-0.484,568.853
B,ALD401,ALD,X,ALD,ALD401,401,-16.175,-27.908,-0.855,775.084
B,ALD401,ALD,X,ALD,ALD401,401,-17.102,-27.887,0.335,884.101
B,ALD401,ALD,X,ALD,ALD401,401,-16.747,-28.792,-1.96,917.702
B,ALD401,ALD,X,ALD,ALD401,401,-12.466,-28.092,2.065,450.479
B,ALD401,ALD,X,ALD,ALD401,401,-11.195,-28.604,2.563,650.923
B,ALD401,ALD,X,ALD,ALD401,401,-11.452,-30.082,2.926,828.519
B,ALD401,ALD,X,ALD,ALD401,401,-10.714,-27.825,3.775,805.392
B,ALD401,ALD,X,ALD,ALD401,401,-10.406,-26.353,3.466,644.523
B,ALD401,ALD,X,ALD,ALD401,401,-9.55,-26.104,2.222,456.7
B,ALD401,ALD,X,ALD,ALD401,401,-9.767,-25.687,4.69,866.91
B,ALD401,ALD,X,ALD,ALD401,401,-10.25,-30.649,3.442,910.778
